space,algorithm,k,silhouette,davies_bouldin,calinski_harabasz,n_clusters_found,min_size,max_size,min_size_frac,max_size_frac,differentiation,ss_shape,ss_level,between_ss,bic,entropy,inertia,degenerate
A_items12,kmeans,2,0.1467,2.5069,102.1462,2,273,417,0.3957,0.6043,0.1137,121.0867,944.1769,1065.2637,,,7175.0226,False
A_items12,kmeans,3,0.1236,2.47,79.1577,3,155,339,0.2246,0.4913,0.4397,678.5593,864.7274,1543.2866,,,6696.9997,False
A_items12,kmeans,4,0.0806,2.4416,70.6759,4,121,249,0.1754,0.3609,0.5408,1052.2393,893.3233,1945.5626,,,6294.7237,False
A_items12,kmeans,5,0.0822,2.3192,62.7894,5,65,191,0.0942,0.2768,0.555,1227.0395,983.7117,2210.7512,,,6029.5351,False
A_items12,kmeans,6,0.0859,2.2549,57.8936,6,54,191,0.0783,0.2768,0.612,1499.6445,950.666,2450.3104,,,5789.9759,False
A_items12,kmeans,7,0.0809,2.1773,54.6137,7,54,154,0.0783,0.2232,0.6187,1652.9675,1018.6896,2671.6571,,,5568.6293,False
A_items12,kmeans,8,0.0834,2.165,51.3153,8,38,130,0.0551,0.1884,0.6114,1738.0685,1104.758,2842.8265,,,5397.4599,False
A_items12,gmm_full,2,0.0811,3.3405,56.5814,2,290,400,0.4203,0.5797,0.5581,349.4604,276.7266,626.187,19484.625,0.995,,False
A_items12,gmm_full,3,0.0162,5.1696,39.9098,3,138,400,0.2,0.5797,0.5888,505.0026,352.743,857.7457,18545.1513,0.9991,,False
A_items12,gmm_full,4,0.0105,5.0728,35.5323,4,138,241,0.2,0.3493,0.565,626.2097,482.0318,1108.2414,15675.0051,0.9994,,False
A_items12,gmm_full,5,0.0046,3.4385,30.6355,5,50,234,0.0725,0.3391,0.5378,672.5032,577.9354,1250.4387,16658.9592,0.9577,,False
A_items12,gmm_full,6,0.0013,2.9463,32.0807,6,24,263,0.0348,0.3812,0.5317,832.2918,733.0405,1565.3323,17252.3367,0.9629,,False
A_items12,gmm_full,7,-0.037,3.1276,24.2818,7,19,264,0.0275,0.3826,0.552,799.6645,649.0482,1448.7127,17853.9605,0.9883,,False
A_items12,gmm_full,8,-0.005,3.0418,26.3683,8,17,205,0.0246,0.2971,0.5748,1008.8794,746.2753,1755.1547,18008.1362,0.9662,,False
A_items12,gmm_diag,2,0.0834,3.3057,58.2477,2,296,394,0.429,0.571,0.53,340.914,302.2739,643.1879,19412.6639,0.983,,False
A_items12,gmm_diag,3,0.027,3.2959,51.3188,3,146,394,0.2116,0.571,0.4366,467.6073,603.4695,1071.0768,19173.5821,0.9245,,False
A_items12,gmm_diag,4,0.0265,3.3509,38.9705,4,61,343,0.0884,0.4971,0.452,542.3693,657.4935,1199.8628,17586.2609,0.8916,,False
A_items12,gmm_diag,5,0.0289,4.0871,30.6717,5,36,263,0.0522,0.3812,0.5052,632.3731,619.3186,1251.6917,14974.7076,0.9894,,False
A_items12,gmm_diag,6,0.0205,4.0644,28.8408,6,23,204,0.0333,0.2957,0.5462,783.7394,651.0317,1434.7711,13176.8127,0.9576,,False
A_items12,gmm_diag,7,0.0042,4.0484,27.6027,7,20,171,0.029,0.2478,0.5126,824.3744,783.8019,1608.1763,12198.93,0.9688,,False
A_items12,gmm_diag,8,0.0033,3.7866,23.0847,8,11,179,0.0159,0.2594,0.5325,840.4472,738.0037,1578.4509,12860.2715,0.9658,,False
A_items12,ward,2,0.1581,2.7368,66.3996,2,155,535,0.2246,0.7754,0.491,356.1286,369.152,725.2807,,,,False
A_items12,ward,3,0.0579,3.0088,59.0031,3,155,291,0.2246,0.4217,0.3789,457.716,750.2311,1207.9471,,,,False
A_items12,ward,4,0.0586,2.856,52.9199,4,87,244,0.1261,0.3536,0.5093,788.7415,759.8956,1548.6371,,,,False
A_items12,ward,5,0.0647,2.6871,47.534,5,61,244,0.0884,0.3536,0.535,957.8323,832.4888,1790.3211,,,,False
A_items12,ward,6,0.0517,2.7364,44.3993,6,61,244,0.0884,0.3536,0.5534,1117.3016,901.8185,2019.1202,,,,False
A_items12,ward,7,0.0367,2.7342,41.4891,7,61,165,0.0884,0.2391,0.5888,1295.9198,905.1916,2201.1114,,,,False
A_items12,ward,8,0.0316,2.6004,38.895,8,61,125,0.0884,0.1812,0.6114,1437.5467,913.5194,2351.0661,,,,False
A_items12,complete,2,0.246,1.8732,31.9859,2,27,663,0.0391,0.9609,0.4338,158.8038,207.2775,366.0813,,,,True
A_items12,complete,3,0.0771,2.864,30.6271,3,27,571,0.0391,0.8275,0.4596,310.0624,364.5114,674.5737,,,,True
A_items12,complete,4,0.0729,2.5634,23.5651,4,11,571,0.0159,0.8275,0.4515,347.5992,422.2607,769.8599,,,,True
A_items12,complete,5,0.061,2.6889,20.7867,5,11,539,0.0159,0.7812,0.4753,423.9468,468.0113,891.958,,,,False
A_items12,complete,6,0.0742,2.5436,25.4522,6,11,486,0.0159,0.7043,0.565,730.3477,562.2898,1292.6375,,,,False
A_items12,complete,7,0.0812,2.4602,28.0169,7,11,433,0.0159,0.6275,0.5507,896.2099,731.331,1627.541,,,,False
A_items12,complete,8,0.0758,2.3553,26.1061,8,10,433,0.0145,0.6275,0.5739,999.3245,742.0656,1741.3901,,,,False
A_items12,average,2,0.3572,1.2364,21.3586,2,8,682,0.0116,0.9884,0.1638,40.637,207.4761,248.1131,,,,True
A_items12,average,3,0.3147,1.1232,13.9181,3,2,680,0.0029,0.9855,0.3131,100.4722,220.4107,320.8829,,,,True
A_items12,average,4,0.274,0.9858,10.4191,4,1,679,0.0014,0.9841,0.3811,136.8395,222.2649,359.1043,,,,True
A_items12,average,5,0.2676,0.8929,8.3483,5,1,679,0.0014,0.9841,0.4165,159.541,223.4937,383.0347,,,,True
A_items12,average,6,0.205,0.9663,7.4583,6,1,677,0.0014,0.9812,0.4741,201.9796,224.0521,426.0317,,,,True
A_items12,average,7,0.1773,0.9853,6.9123,7,1,675,0.0014,0.9783,0.5172,243.9788,227.7517,471.7305,,,,True
A_items12,average,8,0.1508,1.0082,7.5866,8,1,669,0.0014,0.9696,0.579,344.659,250.6439,595.303,,,,True
A_items12,spectral,2,0.1021,2.6448,87.9817,2,314,376,0.4551,0.5449,0.1315,122.8893,811.4042,934.2934,,,,False
A_items12,spectral,3,0.0777,2.3989,67.7316,3,109,336,0.158,0.487,0.4064,551.5712,805.639,1357.2102,,,,False
A_items12,spectral,4,0.0592,2.4034,60.8738,4,114,241,0.1652,0.3493,0.5584,967.4183,765.042,1732.4603,,,,False
A_items12,spectral,5,0.0545,2.3318,54.0167,5,86,230,0.1246,0.3333,0.595,1175.7348,800.202,1975.9369,,,,False
A_items12,spectral,6,0.0568,2.39,50.4214,6,61,177,0.0884,0.2565,0.6064,1345.755,873.4724,2219.2273,,,,False
A_items12,spectral,7,0.0507,2.2806,46.9792,7,55,169,0.0797,0.2449,0.6509,1566.8284,840.4608,2407.2892,,,,False
A_items12,spectral,8,0.0544,2.3105,44.0675,8,43,127,0.0623,0.1841,0.6631,1701.7527,864.5996,2566.3523,,,,False
B_subscales4,kmeans,2,0.2294,1.6745,212.5887,2,290,400,0.4203,0.5797,0.0567,36.3511,605.1708,641.5219,,,2076.1551,False
B_subscales4,kmeans,3,0.1834,1.5955,181.856,3,193,274,0.2797,0.3971,0.3695,347.6322,593.1125,940.7447,,,1776.9322,False
B_subscales4,kmeans,4,0.1897,1.4662,170.9077,4,137,216,0.1986,0.313,0.5262,611.6204,550.7965,1162.4169,,,1555.2601,False
B_subscales4,kmeans,5,0.1938,1.4269,160.725,5,92,186,0.1333,0.2696,0.5559,731.4807,584.2771,1315.7578,,,1401.9192,False
B_subscales4,kmeans,6,0.2013,1.2946,157.7796,6,68,171,0.0986,0.2478,0.5406,786.8554,668.7579,1455.6133,,,1262.0636,False
B_subscales4,kmeans,7,0.2004,1.2473,153.9089,7,55,152,0.0797,0.2203,0.5459,852.8641,709.3648,1562.2289,,,1155.4481,False
B_subscales4,kmeans,8,0.1939,1.2975,145.597,8,45,129,0.0652,0.187,0.5697,927.4903,700.6742,1628.1645,,,1089.5125,False
B_subscales4,gmm_full,2,0.2143,1.8239,180.5979,2,281,409,0.4072,0.5928,0.2429,137.2673,427.7889,565.0563,7723.9984,0.5,,False
B_subscales4,gmm_full,3,0.1522,1.7897,150.6328,3,181,300,0.2623,0.4348,0.3892,322.4604,506.0039,828.4643,7753.3527,0.5733,,False
B_subscales4,gmm_full,4,0.112,2.005,116.5345,4,121,262,0.1754,0.3797,0.4938,452.9958,464.4491,917.4449,7762.1633,0.5812,,False
B_subscales4,gmm_full,5,0.1069,1.9505,100.4509,5,55,241,0.0797,0.3493,0.5115,513.9667,490.7895,1004.7562,7416.0663,0.6802,,False
B_subscales4,gmm_full,6,0.1157,1.7093,95.2702,6,49,196,0.071,0.2841,0.6017,671.246,444.4237,1115.6697,7420.9875,0.718,,False
B_subscales4,gmm_full,7,0.0608,2.035,71.434,7,47,174,0.0681,0.2522,0.5093,533.7014,514.1602,1047.8616,7344.4668,0.728,,False
B_subscales4,gmm_full,8,0.0957,1.966,83.6376,8,45,129,0.0652,0.187,0.5604,703.5067,551.8355,1255.3421,7508.1013,0.7244,,False
B_subscales4,gmm_diag,2,0.2199,1.7735,191.5083,2,287,403,0.4159,0.5841,0.1939,114.7172,477.0427,591.7599,7662.5374,0.527,,False
B_subscales4,gmm_diag,3,0.0985,2.2835,125.2228,3,204,264,0.2957,0.3826,0.2701,196.1205,529.9271,726.0476,7646.766,0.5262,,False
B_subscales4,gmm_diag,4,0.065,2.6822,101.9835,4,156,197,0.2261,0.2855,0.317,265.7206,572.5014,838.2219,7668.145,0.5203,,False
B_subscales4,gmm_diag,5,0.101,1.9907,101.3521,5,63,296,0.0913,0.429,0.4251,429.4914,580.9271,1010.4185,7206.6022,0.6705,,False
B_subscales4,gmm_diag,6,0.1071,1.996,100.2722,6,52,192,0.0754,0.2783,0.5248,603.2877,546.1826,1149.4703,7262.3743,0.6219,,False
B_subscales4,gmm_diag,7,0.1033,1.8163,93.3857,7,41,153,0.0594,0.2217,0.5041,617.4313,607.3216,1224.7529,7233.1844,0.6699,,False
B_subscales4,gmm_diag,8,0.1098,1.7197,92.1108,8,33,157,0.0478,0.2275,0.5257,694.2834,626.4314,1320.7148,7272.4572,0.6858,,False
B_subscales4,ward,2,0.1754,1.9452,156.1121,2,293,397,0.4246,0.5754,0.2888,145.1312,357.4825,502.6137,,,,False
B_subscales4,ward,3,0.1351,1.6782,139.4415,3,196,293,0.2841,0.4246,0.493,386.8604,397.8248,784.6852,,,,False
B_subscales4,ward,4,0.1366,1.5336,130.2713,4,63,293,0.0913,0.4246,0.5024,495.5269,490.8143,986.3412,,,,False
B_subscales4,ward,5,0.1471,1.6535,128.2757,5,63,201,0.0913,0.2913,0.5237,609.5322,554.3474,1163.8796,,,,False
B_subscales4,ward,6,0.1579,1.4601,130.1585,6,53,201,0.0768,0.2913,0.5118,678.1988,646.834,1325.0329,,,,False
B_subscales4,ward,7,0.1379,1.4729,122.363,7,53,148,0.0768,0.2145,0.5155,725.7571,682.1525,1407.9096,,,,False
B_subscales4,ward,8,0.1419,1.4386,116.6594,8,32,137,0.0464,0.1986,0.5385,797.5179,683.3808,1480.8987,,,,False
B_subscales4,complete,2,0.3215,1.0344,69.4031,2,26,664,0.0377,0.9623,0.2565,63.8666,185.1622,249.0288,,,,True
B_subscales4,complete,3,0.1369,1.6033,74.3433,3,26,574,0.0377,0.8319,0.5541,267.9277,215.6053,483.533,,,,True
B_subscales4,complete,4,0.1012,1.89,84.2954,4,26,361,0.0377,0.5232,0.61,446.4995,285.4985,731.998,,,,False
B_subscales4,complete,5,0.0892,1.7477,68.8562,5,12,361,0.0174,0.5232,0.6318,492.4326,286.9264,779.359,,,,False
B_subscales4,complete,6,0.1001,1.658,80.9125,6,12,213,0.0174,0.3087,0.6229,629.1134,380.9068,1010.0202,,,,False
B_subscales4,complete,7,0.0974,1.469,68.9152,7,1,213,0.0014,0.3087,0.6252,640.6991,384.1474,1024.8465,,,,False
B_subscales4,complete,8,0.0956,1.3809,73.6443,8,1,213,0.0014,0.3087,0.5844,683.6936,486.2256,1169.9192,,,,False
B_subscales4,average,2,0.5908,0.2866,10.6188,2,1,689,0.0014,0.9986,0.5342,22.0686,19.2394,41.3079,,,,True
B_subscales4,average,3,0.3816,0.4802,9.4323,3,1,687,0.0014,0.9957,0.7238,52.5685,20.0629,72.6314,,,,True
B_subscales4,average,4,0.2628,0.928,40.9997,4,1,628,0.0014,0.9101,0.1923,79.4421,333.7502,413.1922,,,,True
B_subscales4,average,5,0.2215,0.8888,34.4413,5,1,628,0.0014,0.9101,0.2595,118.0924,336.9601,455.0525,,,,True
B_subscales4,average,6,0.1527,0.9252,33.8168,6,1,614,0.0014,0.8899,0.3727,200.7774,337.8756,538.653,,,,True
B_subscales4,average,7,0.0859,0.9579,33.4987,7,1,599,0.0014,0.8681,0.423,261.3752,356.5392,617.9144,,,,True
B_subscales4,average,8,0.0818,0.9929,29.2764,8,1,599,0.0014,0.8681,0.417,261.8262,366.1185,627.9447,,,,True
B_subscales4,spectral,2,0.2029,1.7023,197.4379,2,315,375,0.4565,0.5435,0.0655,39.6774,566.3194,605.9968,,,,False
B_subscales4,spectral,3,0.1553,1.5272,161.3223,3,186,315,0.2696,0.4565,0.3652,317.1515,551.3163,868.4678,,,,False
B_subscales4,spectral,4,0.1572,1.4396,147.9537,4,121,264,0.1754,0.3826,0.5247,560.1718,507.4559,1067.6277,,,,False
B_subscales4,spectral,5,0.1575,1.4786,139.3315,5,90,185,0.1304,0.2681,0.5879,716.7305,502.46,1219.1905,,,,False
B_subscales4,spectral,6,0.1735,1.3121,138.7173,6,63,152,0.0913,0.2203,0.5542,758.3155,609.9789,1368.2944,,,,False
B_subscales4,spectral,7,0.1742,1.2618,136.4392,7,55,145,0.0797,0.2101,0.5764,853.9897,627.5858,1481.5755,,,,False
B_subscales4,spectral,8,0.1617,1.3091,127.6538,8,42,124,0.0609,0.1797,0.5769,889.2019,652.1082,1541.3102,,,,False
B5_subscales5,kmeans,2,0.1997,1.8701,175.3576,2,296,394,0.429,0.571,0.0687,47.9124,649.5087,697.4211,,,2736.2697,False
B5_subscales5,kmeans,3,0.1494,1.8809,140.6887,3,180,289,0.2609,0.4188,0.3629,362.0325,635.6809,997.7134,,,2435.9774,False
B5_subscales5,kmeans,4,0.1563,1.7434,129.8523,4,128,198,0.1855,0.287,0.4862,604.7151,638.9364,1243.6515,,,2190.0393,False
B5_subscales5,kmeans,5,0.1556,1.5965,122.1249,5,91,175,0.1319,0.2536,0.5487,784.3138,645.049,1429.3629,,,2004.3279,False
B5_subscales5,kmeans,6,0.1586,1.5779,117.0148,6,83,154,0.1203,0.2232,0.5702,902.58,680.4347,1583.0147,,,1850.6761,False
B5_subscales5,kmeans,7,0.1575,1.4741,112.213,7,67,133,0.0971,0.1928,0.5832,994.0576,710.4815,1704.5391,,,1729.1516,False
B5_subscales5,kmeans,8,0.1703,1.4008,111.2065,8,46,119,0.0667,0.1725,0.5878,1075.8897,754.3337,1830.2234,,,1603.4674,False
B5_subscales5,gmm_full,2,0.152,2.0301,133.7788,2,266,424,0.3855,0.6145,0.4307,240.7548,318.2217,558.9765,9689.7652,0.7501,,False
B5_subscales5,gmm_full,3,0.0706,2.0164,93.9463,3,142,357,0.2058,0.5174,0.3994,294.4957,442.9266,737.4223,8097.8792,0.8238,,False
B5_subscales5,gmm_full,4,0.0698,3.4481,84.61,4,116,240,0.1681,0.3478,0.4937,457.8339,469.5403,927.3742,6906.1987,0.8729,,False
B5_subscales5,gmm_full,5,0.041,2.2782,70.3662,5,70,202,0.1014,0.2928,0.4972,497.227,502.7717,999.9987,8178.5901,0.8312,,False
B5_subscales5,gmm_full,6,0.0264,3.3186,55.186,6,29,191,0.042,0.2768,0.5138,507.1016,479.9064,987.008,5802.9022,0.9463,,False
B5_subscales5,gmm_full,7,0.0251,3.187,47.807,7,19,191,0.0275,0.2768,0.5724,581.2729,434.2803,1015.5532,5874.0493,0.9396,,False
B5_subscales5,gmm_full,8,0.0351,2.8094,50.3252,8,15,191,0.0217,0.2768,0.5765,674.1962,495.3251,1169.5214,5989.7194,0.9419,,False
B5_subscales5,gmm_diag,2,0.1886,1.9884,156.9788,2,294,396,0.4261,0.5739,0.1457,92.961,544.9447,637.9057,9651.2824,0.5247,,False
B5_subscales5,gmm_diag,3,0.1223,2.1783,115.8931,3,181,318,0.2623,0.4609,0.3732,323.2444,542.9879,866.2323,7928.753,0.7793,,False
B5_subscales5,gmm_diag,4,0.0757,3.4035,88.0876,4,113,243,0.1638,0.3522,0.442,422.0878,532.8023,954.8901,6688.6032,0.8728,,False
B5_subscales5,gmm_diag,5,0.0601,3.1304,77.1104,5,100,191,0.1449,0.2768,0.4769,508.4333,557.6513,1066.0846,6713.9295,0.8425,,False
B5_subscales5,gmm_diag,6,0.0292,3.3853,57.5207,6,57,191,0.0826,0.2768,0.5197,528.2153,488.1881,1016.4034,5508.4943,0.9145,,False
B5_subscales5,gmm_diag,7,0.0318,4.3832,44.5988,7,32,174,0.0464,0.2522,0.5477,529.4257,437.162,966.5877,4083.7905,0.9378,,False
B5_subscales5,gmm_diag,8,0.01,3.3512,38.7655,8,5,191,0.0072,0.2768,0.5221,510.2384,467.1071,977.3455,3588.7599,0.9885,,False
B5_subscales5,ward,2,0.1559,2.1576,130.7883,2,312,378,0.4522,0.5478,0.2493,136.7535,411.7236,548.4771,,,,False
B5_subscales5,ward,3,0.1136,2.0379,104.1883,3,162,312,0.2348,0.4522,0.4359,348.2932,450.8129,799.1061,,,,False
B5_subscales5,ward,4,0.1128,1.9899,98.5747,4,103,216,0.1493,0.313,0.449,464.4148,569.9133,1034.3281,,,,False
B5_subscales5,ward,5,0.1182,1.8955,94.4848,5,79,216,0.1145,0.313,0.5124,625.6265,595.2582,1220.8847,,,,False
B5_subscales5,ward,6,0.1238,1.7347,92.459,6,60,216,0.087,0.313,0.5688,787.7008,597.0896,1384.7904,,,,False
B5_subscales5,ward,7,0.1185,1.7141,90.1219,7,60,131,0.087,0.1899,0.5849,887.3915,629.8571,1517.2486,,,,False
B5_subscales5,ward,8,0.1135,1.6299,86.0448,8,60,131,0.087,0.1899,0.6014,968.4546,641.8676,1610.3222,,,,False
B5_subscales5,complete,2,0.3415,1.3569,45.4855,2,20,670,0.029,0.971,0.3553,75.6552,137.2776,212.9328,,,,True
B5_subscales5,complete,3,0.1186,2.0725,77.1009,3,20,350,0.029,0.5072,0.4652,292.8362,336.5984,629.4346,,,,False
B5_subscales5,complete,4,0.1124,1.8487,54.8442,4,4,350,0.0058,0.5072,0.4807,319.3184,344.9171,664.2355,,,,False
B5_subscales5,complete,5,0.106,1.8431,57.3475,5,4,320,0.0058,0.4638,0.5731,493.6669,367.7315,861.3984,,,,False
B5_subscales5,complete,6,0.0877,1.9066,56.7255,6,4,320,0.0058,0.4638,0.5842,587.9381,418.5327,1006.4708,,,,False
B5_subscales5,complete,7,0.0923,1.8522,60.8517,7,4,267,0.0058,0.387,0.6122,732.3189,463.8104,1196.1293,,,,False
B5_subscales5,complete,8,0.0885,1.792,54.1919,8,4,267,0.0058,0.387,0.6139,753.4214,473.8414,1227.2628,,,,False
B5_subscales5,average,2,0.5598,0.3125,9.1975,2,1,689,0.0014,0.9986,0.5052,22.8827,22.4149,45.2975,,,,True
B5_subscales5,average,3,0.3872,0.7921,13.5056,3,1,684,0.0014,0.9913,0.4262,55.3613,74.5358,129.8971,,,,True
B5_subscales5,average,4,0.273,0.8067,14.013,4,1,679,0.0014,0.9841,0.5797,114.9423,83.3289,198.2712,,,,True
B5_subscales5,average,5,0.2115,1.0792,23.5255,5,1,645,0.0014,0.9348,0.6417,266.1348,148.5949,414.7297,,,,True
B5_subscales5,average,6,0.1651,1.0806,23.2919,6,1,635,0.0014,0.9203,0.6008,300.1369,199.4343,499.5712,,,,True
B5_subscales5,average,7,0.1589,1.0348,20.2167,7,1,635,0.0014,0.9203,0.6149,318.4151,199.4348,517.8498,,,,True
B5_subscales5,average,8,0.1359,1.0697,21.8399,8,1,619,0.0014,0.8971,0.6278,394.7439,234.0184,628.7623,,,,True
B5_subscales5,spectral,2,0.1792,1.9213,162.9606,2,331,359,0.4797,0.5203,0.1606,105.5897,551.9686,657.5584,,,,False
B5_subscales5,spectral,3,0.1313,1.8977,126.6716,3,173,288,0.2507,0.4174,0.336,310.7906,614.2997,925.0903,,,,False
B5_subscales5,spectral,4,0.1222,1.7653,111.7386,4,101,251,0.1464,0.3638,0.4669,526.2531,600.8615,1127.1147,,,,False
B5_subscales5,spectral,5,0.1333,1.5935,111.686,5,94,203,0.1362,0.2942,0.557,754.979,600.4344,1355.4135,,,,False
B5_subscales5,spectral,6,0.1333,1.4961,103.3304,6,87,176,0.1261,0.2551,0.6164,910.7108,566.8394,1477.5502,,,,False
B5_subscales5,spectral,7,0.1296,1.498,97.6489,7,51,154,0.0739,0.2232,0.6104,967.8276,617.6302,1585.4578,,,,False
B5_subscales5,spectral,8,0.1355,1.4172,99.7846,8,50,130,0.0725,0.1884,0.6084,1057.0264,680.3295,1737.3559,,,,False
C_subscales4_cgpa,kmeans,2,0.1853,1.956,159.9533,2,292,398,0.4232,0.5768,0.2845,182.7044,459.4102,642.1147,,,2761.8999,False
C_subscales4_cgpa,kmeans,3,0.1546,1.8285,140.4481,3,198,250,0.287,0.3623,0.5584,551.6268,436.2632,987.89,,,2416.1246,False
C_subscales4_cgpa,kmeans,4,0.1572,1.6472,129.0513,4,137,226,0.1986,0.3275,0.6243,766.7255,461.3163,1228.0418,,,2175.9728,False
C_subscales4_cgpa,kmeans,5,0.1657,1.5182,124.2235,5,115,195,0.1667,0.2826,0.669,957.4655,473.6567,1431.1221,,,1972.8924,False
C_subscales4_cgpa,kmeans,6,0.1636,1.5461,117.6183,6,86,150,0.1246,0.2174,0.7001,1101.808,471.8776,1573.6856,,,1830.329,False
C_subscales4_cgpa,kmeans,7,0.167,1.4579,114.2125,7,52,133,0.0754,0.1928,0.6869,1170.9891,533.848,1704.8371,,,1699.1774,False
C_subscales4_cgpa,kmeans,8,0.1733,1.363,111.2497,8,40,126,0.058,0.1826,0.6831,1239.6304,575.1037,1814.734,,,1589.2805,False
C_subscales4_cgpa,gmm_full,2,0.1572,2.2206,125.0182,2,298,392,0.4319,0.5681,0.5787,302.9163,220.5207,523.437,9717.3613,0.5263,,False
C_subscales4_cgpa,gmm_full,3,0.1084,2.2124,105.0696,3,193,266,0.2797,0.3855,0.5275,420.5812,376.7496,797.3308,9770.7409,0.5754,,False
C_subscales4_cgpa,gmm_full,4,0.1239,1.7772,105.8071,4,155,200,0.2246,0.2899,0.6614,712.2037,364.6188,1076.8226,9854.836,0.6329,,False
C_subscales4_cgpa,gmm_full,5,0.0874,2.0267,85.5104,5,105,156,0.1522,0.2261,0.686,777.6568,356.002,1133.6588,9913.7441,0.6558,,False
C_subscales4_cgpa,gmm_full,6,0.1051,2.1706,77.7299,6,30,207,0.0435,0.3,0.6587,812.4619,420.9032,1233.3651,9762.0636,0.6725,,False
C_subscales4_cgpa,gmm_full,7,0.0632,2.0467,65.4179,7,47,144,0.0681,0.2087,0.6875,854.1323,388.1664,1242.2987,8315.735,0.7883,,False
C_subscales4_cgpa,gmm_full,8,0.0124,2.6182,31.6555,8,2,236,0.0029,0.342,0.8412,702.2135,132.5578,834.7713,3751.8148,0.9998,,False
C_subscales4_cgpa,gmm_diag,2,0.1715,2.0736,143.252,2,301,389,0.4362,0.5638,0.416,244.0251,342.5983,586.6234,9638.7231,0.5279,,False
C_subscales4_cgpa,gmm_diag,3,0.1234,2.1139,113.9682,3,197,293,0.2855,0.4246,0.5501,466.5363,381.4996,848.0359,9658.8887,0.483,,False
C_subscales4_cgpa,gmm_diag,4,0.1062,1.9893,102.6483,4,118,206,0.171,0.2986,0.6151,648.7083,405.9268,1054.6351,9666.7515,0.5333,,False
C_subscales4_cgpa,gmm_diag,5,0.0706,2.9686,52.7892,5,17,238,0.0246,0.3449,0.8179,656.0458,146.0248,802.0707,4092.655,0.9871,,False
C_subscales4_cgpa,gmm_diag,6,0.0458,2.9217,43.9823,6,18,238,0.0261,0.3449,0.8117,672.2327,155.9252,828.1579,4141.9784,0.9788,,False
C_subscales4_cgpa,gmm_diag,7,0.0577,2.7693,34.6544,7,1,238,0.0014,0.3449,0.8263,656.4149,138.0217,794.4366,3381.6307,0.999,,False
C_subscales4_cgpa,gmm_diag,8,0.013,2.6965,38.4955,8,2,238,0.0029,0.3449,0.7287,702.5327,261.5302,964.0629,3416.2427,0.9526,,False
C_subscales4_cgpa,ward,2,0.1515,2.1958,127.7837,2,315,375,0.4565,0.5435,0.5583,297.6839,235.5184,533.2023,,,,False
C_subscales4_cgpa,ward,3,0.114,1.9144,104.7047,3,124,315,0.1797,0.4565,0.5269,418.9919,376.2171,795.209,,,,False
C_subscales4_cgpa,ward,4,0.1197,2.0361,100.6694,4,124,251,0.1797,0.3638,0.5962,620.4076,420.1107,1040.5183,,,,False
C_subscales4_cgpa,ward,5,0.1015,1.8935,96.5623,5,107,173,0.1551,0.2507,0.6563,805.4635,421.887,1227.3505,,,,False
C_subscales4_cgpa,ward,6,0.1116,1.7424,93.2372,6,45,173,0.0652,0.2507,0.623,859.5066,520.187,1379.6937,,,,False
C_subscales4_cgpa,ward,7,0.1201,1.7216,92.02,7,45,144,0.0652,0.2087,0.6482,986.369,535.2848,1521.6538,,,,False
C_subscales4_cgpa,ward,8,0.1137,1.7022,87.2624,8,45,144,0.0652,0.2087,0.6526,1049.6184,558.7031,1608.3216,,,,False
C_subscales4_cgpa,complete,2,0.1865,1.7056,83.0437,2,80,610,0.1159,0.8841,0.3262,119.5841,247.0382,366.6224,,,,True
C_subscales4_cgpa,complete,3,0.1761,1.2562,45.2415,3,1,610,0.0014,0.8841,0.3472,137.5398,258.6174,396.1572,,,,True
C_subscales4_cgpa,complete,4,0.0634,2.1932,48.1071,4,1,329,0.0014,0.4768,0.5239,309.9943,281.6707,591.665,,,,False
C_subscales4_cgpa,complete,5,0.0623,1.9102,55.8159,5,1,329,0.0014,0.4768,0.6585,551.0067,285.7464,836.7531,,,,False
C_subscales4_cgpa,complete,6,0.0702,1.8606,58.253,6,1,277,0.0014,0.4014,0.6898,701.2976,315.3187,1016.6163,,,,False
C_subscales4_cgpa,complete,7,0.0815,1.8469,63.0253,7,1,184,0.0014,0.2667,0.694,841.8916,371.1619,1213.0535,,,,False
C_subscales4_cgpa,complete,8,0.0817,1.637,70.0176,8,1,156,0.0014,0.2261,0.6875,978.5554,444.8329,1423.3883,,,,False
C_subscales4_cgpa,average,2,0.5735,0.3037,9.7394,2,1,689,0.0014,0.9986,0.466,22.1397,25.3752,47.515,,,,True
C_subscales4_cgpa,average,3,0.3478,0.6294,10.3368,3,1,686,0.0014,0.9942,0.4468,44.4311,55.0119,99.443,,,,True
C_subscales4_cgpa,average,4,0.2372,1.1297,26.3116,4,1,647,0.0014,0.9377,0.6727,236.279,114.9864,351.2653,,,,True
C_subscales4_cgpa,average,5,0.1907,1.1662,25.5348,5,1,635,0.0014,0.9203,0.7045,311.1773,130.5273,441.7045,,,,True
C_subscales4_cgpa,average,6,0.1742,1.1024,22.6312,6,1,635,0.0014,0.9203,0.7297,352.5956,130.6038,483.1994,,,,True
C_subscales4_cgpa,average,7,0.1512,1.1719,27.1054,7,1,604,0.0014,0.8754,0.7272,476.0731,178.5885,654.6616,,,,True
C_subscales4_cgpa,average,8,0.1072,1.1235,24.2843,8,1,604,0.0014,0.8754,0.7271,493.8546,185.3189,679.1734,,,,True
C_subscales4_cgpa,spectral,2,0.1506,2.0851,129.9651,2,269,421,0.3899,0.6101,0.8977,485.5395,55.3186,540.8582,,,,False
C_subscales4_cgpa,spectral,3,0.1357,1.7882,129.7856,3,208,271,0.3014,0.3928,0.5191,484.5431,448.9147,933.4578,,,,False
C_subscales4_cgpa,spectral,4,0.142,1.6518,119.8627,4,118,227,0.171,0.329,0.5935,694.7799,475.8945,1170.6744,,,,False
C_subscales4_cgpa,spectral,5,0.1434,1.5632,113.8169,5,94,174,0.1362,0.2522,0.6607,898.0216,461.078,1359.0996,,,,False
C_subscales4_cgpa,spectral,6,0.1269,1.7249,100.6803,6,87,137,0.1261,0.1986,0.7081,1021.8232,421.3163,1443.1395,,,,False
C_subscales4_cgpa,spectral,7,0.1256,1.601,93.497,7,73,137,0.1058,0.1986,0.7617,1169.2097,365.853,1535.0627,,,,False
C_subscales4_cgpa,spectral,8,0.1046,1.6729,90.06,8,60,110,0.087,0.1594,0.7595,1241.9438,393.172,1635.1158,,,,False
C5_subscales5_cgpa,kmeans,2,0.1682,2.089,142.0799,2,299,391,0.4333,0.5667,0.4067,286.7992,418.402,705.2012,,,3414.8272,False
C5_subscales5_cgpa,kmeans,3,0.139,1.9708,120.7618,3,171,270,0.2478,0.3913,0.5992,642.1548,429.5295,1071.6843,,,3048.3441,False
C5_subscales5_cgpa,kmeans,4,0.1338,1.8361,106.9322,4,121,230,0.1754,0.3333,0.6812,894.2857,418.4829,1312.7686,,,2807.2597,False
C5_subscales5_cgpa,kmeans,5,0.1315,1.8338,100.0347,5,96,168,0.1391,0.2435,0.6528,991.683,527.554,1519.237,,,2600.7914,False
C5_subscales5_cgpa,kmeans,6,0.1369,1.727,95.4536,6,86,151,0.1246,0.2188,0.668,1131.0572,562.2283,1693.2855,,,2426.7429,False
C5_subscales5_cgpa,kmeans,7,0.1412,1.6338,92.2068,7,80,146,0.1159,0.2116,0.6902,1272.5807,571.2083,1843.789,,,2276.2393,False
C5_subscales5_cgpa,kmeans,8,0.14,1.5708,88.7523,8,70,120,0.1014,0.1739,0.7055,1385.6337,578.3809,1964.0145,,,2156.0138,False
C5_subscales5_cgpa,gmm_full,2,0.1297,2.2658,110.1767,2,264,426,0.3826,0.6174,0.6213,353.3655,215.3444,568.7099,11690.7602,0.7527,,False
C5_subscales5_cgpa,gmm_full,3,0.099,2.2544,91.62,3,203,259,0.2942,0.3754,0.6223,539.8452,327.6788,867.5239,11748.5476,0.6303,,False
C5_subscales5_cgpa,gmm_full,4,0.0547,3.7676,67.4684,4,122,234,0.1768,0.3391,0.65,610.1185,328.547,938.6655,8968.6794,0.8934,,False
C5_subscales5_cgpa,gmm_full,5,0.0478,2.5531,64.1875,5,100,191,0.1449,0.2768,0.705,791.9351,331.311,1123.2461,10312.6403,0.7949,,False
C5_subscales5_cgpa,gmm_full,6,0.0364,3.0925,55.3134,6,69,191,0.1,0.2768,0.665,788.8812,397.359,1186.2402,9193.7936,0.8889,,False
C5_subscales5_cgpa,gmm_full,7,0.0199,3.5825,46.4951,7,58,173,0.0841,0.2507,0.6746,806.0658,388.7384,1194.8042,8052.2096,0.901,,False
C5_subscales5_cgpa,gmm_full,8,0.026,3.9405,35.0574,8,16,160,0.0232,0.2319,0.6415,699.3155,390.8943,1090.2098,7192.1438,0.9438,,False
C5_subscales5_cgpa,gmm_diag,2,0.1589,2.1933,130.4103,2,303,387,0.4391,0.5609,0.37,242.8849,413.6245,656.5095,11628.7915,0.5232,,False
C5_subscales5_cgpa,gmm_diag,3,0.0999,2.2798,96.2031,3,199,265,0.2884,0.3841,0.5209,469.5477,431.8773,901.4249,11551.5269,0.5937,,False
C5_subscales5_cgpa,gmm_diag,4,0.0741,2.3944,79.485,4,139,218,0.2014,0.3159,0.5919,628.9816,433.7431,1062.7246,9919.1326,0.7327,,False
C5_subscales5_cgpa,gmm_diag,5,0.0548,3.3582,64.7952,5,81,191,0.1174,0.2768,0.6335,716.4963,414.4648,1130.9611,8689.697,0.8425,,False
C5_subscales5_cgpa,gmm_diag,6,0.0248,3.5327,54.822,6,88,179,0.1275,0.2594,0.6292,741.6979,437.0199,1178.7178,8144.4985,0.8423,,False
C5_subscales5_cgpa,gmm_diag,7,0.0171,4.0337,34.3764,7,2,191,0.0029,0.2768,0.6685,638.8023,316.8153,955.6177,5624.0279,0.9777,,False
C5_subscales5_cgpa,gmm_diag,8,0.0102,3.7375,31.3057,8,2,191,0.0029,0.2768,0.6727,673.9442,327.9668,1001.911,5691.6913,0.9784,,False
C5_subscales5_cgpa,ward,2,0.1236,2.467,94.2107,2,247,443,0.358,0.642,0.5045,250.3545,245.8685,496.223,,,,False
C5_subscales5_cgpa,ward,3,0.0736,2.3039,81.462,3,172,271,0.2493,0.3928,0.6531,515.7961,273.9825,789.7786,,,,False
C5_subscales5_cgpa,ward,4,0.0757,2.2264,74.4015,4,106,247,0.1536,0.358,0.7074,715.4484,295.9952,1011.4436,,,,False
C5_subscales5_cgpa,ward,5,0.08,2.2291,70.3309,5,82,172,0.1188,0.2493,0.7341,880.5657,318.8886,1199.4544,,,,False
C5_subscales5_cgpa,ward,6,0.0833,2.0739,68.236,6,52,172,0.0754,0.2493,0.677,928.2305,442.9152,1371.1457,,,,False
C5_subscales5_cgpa,ward,7,0.0749,1.9729,66.3485,7,52,165,0.0754,0.2391,0.6964,1056.4679,460.6528,1517.1207,,,,False
C5_subscales5_cgpa,ward,8,0.0788,1.8644,64.1807,8,52,113,0.0754,0.1638,0.716,1171.5762,464.6308,1636.207,,,,False
C5_subscales5_cgpa,complete,2,0.3428,1.1153,31.1608,2,11,679,0.0159,0.9841,0.218,38.9247,139.5937,178.5184,,,,True
C5_subscales5_cgpa,complete,3,0.1103,2.0895,42.3577,3,11,574,0.0159,0.8319,0.5204,235.3581,216.9194,452.2775,,,,True
C5_subscales5_cgpa,complete,4,0.0878,2.0599,44.3199,4,11,506,0.0159,0.7333,0.5338,357.0424,311.8523,668.8947,,,,False
C5_subscales5_cgpa,complete,5,0.065,2.3171,51.1659,5,11,260,0.0159,0.3768,0.559,529.7761,418.0197,947.7958,,,,False
C5_subscales5_cgpa,complete,6,0.0588,2.2347,45.4763,6,11,260,0.0159,0.3768,0.5928,609.3717,418.5382,1027.9098,,,,False
C5_subscales5_cgpa,complete,7,0.0577,2.2521,47.9892,7,11,246,0.0159,0.3565,0.5708,697.4137,524.3987,1221.8125,,,,False
C5_subscales5_cgpa,complete,8,0.0535,2.1608,43.6693,8,8,246,0.0116,0.3565,0.585,745.9291,529.2051,1275.1342,,,,False
C5_subscales5_cgpa,average,2,0.4485,0.9703,17.5726,2,4,686,0.0058,0.9942,0.2322,23.8256,78.7856,102.6112,,,,True
C5_subscales5_cgpa,average,3,0.3997,0.7567,10.195,3,1,686,0.0014,0.9942,0.3273,38.8667,79.8897,118.7564,,,,True
C5_subscales5_cgpa,average,4,0.2974,0.7367,8.9887,4,1,684,0.0014,0.9913,0.4731,73.718,82.1112,155.8292,,,,True
C5_subscales5_cgpa,average,5,0.2088,0.7036,7.4605,5,1,683,0.0014,0.9899,0.5057,86.9828,85.0133,171.9961,,,,True
C5_subscales5_cgpa,average,6,0.1428,0.6819,6.5398,6,1,682,0.0014,0.9884,0.545,102.4555,85.5194,187.9748,,,,True
C5_subscales5_cgpa,average,7,0.0742,0.8881,8.5877,7,1,669,0.0014,0.9696,0.682,197.0963,91.92,289.0162,,,,True
C5_subscales5_cgpa,average,8,0.07,0.7955,7.5948,8,1,669,0.0014,0.9696,0.6912,205.947,91.9931,297.9401,,,,True
C5_subscales5_cgpa,spectral,2,0.1551,2.14,134.502,2,329,361,0.4768,0.5232,0.5657,381.1108,292.6286,673.7394,,,,False
C5_subscales5_cgpa,spectral,3,0.1181,1.992,109.9478,3,213,250,0.3087,0.3623,0.5493,548.7467,450.2392,998.9859,,,,False
C5_subscales5_cgpa,spectral,4,0.1143,1.8995,93.985,4,113,237,0.1638,0.3435,0.6198,743.795,456.3259,1200.1209,,,,False
C5_subscales5_cgpa,spectral,5,0.1153,1.7646,88.8202,5,92,201,0.1333,0.2913,0.6792,955.7565,451.3317,1407.0882,,,,False
C5_subscales5_cgpa,spectral,6,0.1212,1.7363,86.342,6,86,145,0.1246,0.2101,0.6758,1077.4259,516.7672,1594.1931,,,,False
C5_subscales5_cgpa,spectral,7,0.1203,1.6432,79.6037,7,73,174,0.1058,0.2522,0.7305,1238.5523,456.9327,1695.485,,,,False
C5_subscales5_cgpa,spectral,8,0.1167,1.6034,78.6918,8,52,136,0.0754,0.1971,0.724,1332.7934,508.0644,1840.8578,,,,False
